0,"""bed4e68f"""
1,"""c46d1a17"""
2,"""c8176add"""
3,"""879f8a0b"""
4,"""642ceb26"""
5,"""058a30df"""
6,"""bb2726ab"""
7,"""829bc3c3"""
8,"""0ae35790"""
9,"""cbf0b915"""
10,"""10c9d533"""
11,"""23238edf"""
12,"""8974f899"""
13,"""44aface5"""
14,"""99db6755"""
15,"""b077d4cb"""
16,"""fe6fde1c"""
17,"""ecfdd685"""
18,"""468d6521"""
19,"""52687746"""
20,"""f7f47b18"""
21,"""be2b3467"""
22,"""70b84ceb"""
23,"""0b204d30"""
24,"""f64b2ae7"""
25,"""1252a0ac"""
26,"""9124ed50"""
27,"""a8545068"""
28,"""2d59c529"""
29,"""8c2ddad1"""
30,"""e8a66012"""
31,"""079492ba"""
32,"""3129269c"""
33,"""ab49aff0"""
34,"""6aa564f0"""
35,"""06ae606c"""
36,"""5ee55ace"""
37,"""208ffd7d"""
38,"""32c85add"""
39,"""a66d18bf"""
40,"""394bb9e3"""
41,"""514c3100"""
42,"""99023797"""
43,"""4ccb4ab6"""
44,"""1924e2e6"""
45,"""cb27ff6a"""
46,"""0be7bbed"""
47,"""667ed576"""
48,"""fa81444c"""
49,"""5e7def58"""
50,"""f52727b9"""
51,"""9a589090"""
52,"""abffd079"""
53,"""0bbd8c11"""
54,"""f943b0b9"""
55,"""568b2c84"""
56,"""5f689f78"""
57,"""43dfb168"""
58,"""c76f8dc0"""
59,"""8b3f2c7d"""
60,"""9dabce60"""
61,"""9a6c9201"""
62,"""1374982c"""
63,"""3aa1c001"""
64,"""ec2a2efe"""
65,"""5cf07eb4"""
66,"""87353d44"""
67,"""21f83478"""
68,"""060629ed"""
69,"""17f6917b"""
70,"""9c6dad96"""
71,"""f517faeb"""
72,"""c093b2d2"""
73,"""b3b9c5ab"""
74,"""65f7a3bd"""
75,"""4f3355b0"""
76,"""3797d6fa"""
77,"""0d45e709"""
78,"""d43961fe"""
79,"""4a0a0f9a"""
80,"""511bd48e"""
81,"""62e42fdc"""
82,"""ae24b587"""
83,"""f744cae9"""
84,"""49696ad3"""
85,"""f5494dde"""
86,"""69a2a354"""
87,"""5568f559"""
88,"""13227c53"""
89,"""de5d89fc"""
90,"""12626c10"""
91,"""5a1b496c"""
92,"""53d5f692"""
93,"""85d51419"""
94,"""ed636ae8"""
95,"""39785f33"""
96,"""c7b3f9ee"""
97,"""72848b8e"""
98,"""073a0c83"""
99,"""856b78a0"""
100,"""f1a2ddc0"""
101,"""cc196fae"""
102,"""3573182e"""
103,"""9850f696"""
104,"""4354aacf"""
105,"""807a27ba"""
106,"""673bbc0f"""
107,"""dc211aeb"""
108,"""3d28f1c7"""
109,"""7a164b72"""
110,"""607de0b4"""
111,"""2a047157"""
112,"""376337a4"""
113,"""dd30f295"""
114,"""0491f675"""
115,"""9f814f80"""
116,"""685d5a5e"""
117,"""67f76353"""
118,"""3b6793b9"""
119,"""d486821d"""
120,"""b7328387"""
121,"""812825f4"""
122,"""1bf0e6fb"""
123,"""c35eca74"""
124,"""369bdaa3"""
125,"""30813f17"""
126,"""8b3acba3"""
127,"""c4bbf2fd"""
128,"""e81abec7"""
129,"""c99c8b1c"""
130,"""b01c96dc"""
131,"""79cd7899"""
132,"""4f05226c"""
133,"""e1d33292"""
134,"""76fd0e19"""
135,"""510f822f"""
136,"""c777eea4"""
137,"""0a3e92e0"""
138,"""b752516c"""
139,"""055cc2f8"""
140,"""905ea253"""
141,"""c55ee52d"""
142,"""c0710de7"""
143,"""c360a067"""
144,"""175be1f4"""
145,"""3660517e"""
146,"""b02153e7"""
147,"""c4a91833"""
148,"""372be75c"""
149,"""02b18f87"""
150,"""339370a0"""
151,"""70aa6d3c"""
152,"""8f4d94f0"""
153,"""f9434725"""
154,"""a853d4c3"""
155,"""0d6cbd44"""
156,"""eccbc923"""
157,"""5d5eff4e"""
158,"""5fe51cd3"""
159,"""70282b68"""
160,"""d2b05782"""
161,"""0273c9d6"""
162,"""64916c40"""
163,"""8713bbc4"""
164,"""f81ea585"""
165,"""cb986a94"""
166,"""cd2ee853"""
167,"""b7efabf0"""
168,"""8be9a59f"""
169,"""59e6e2db"""
170,"""3f4f7c47"""
171,"""0808313d"""
172,"""14c84d46"""
173,"""56f57182"""
174,"""9d36458d"""
175,"""6330e030"""
176,"""bff8a604"""
177,"""9b3849d6"""
178,"""7571ce3b"""
179,"""1991a099"""
180,"""48e4d202"""
181,"""8e669aef"""
182,"""3d86a3f3"""
183,"""20c05d27"""
184,"""a9f62c0f"""
185,"""d0ef798b"""
186,"""7626dc00"""
187,"""a125b238"""
188,"""b9d93d31"""
189,"""31ada7a5"""
190,"""e3f60e41"""
191,"""da8824a6"""
192,"""3391e398"""
193,"""17176a1a"""
194,"""10774d61"""
195,"""d726ee1e"""
196,"""4243ae2e"""
197,"""f910cf28"""
198,"""d3e853be"""
199,"""ffb83091"""
200,"""af3b0daf"""
201,"""a4e23d5d"""
202,"""57ce2925"""
203,"""a8528709"""
204,"""95b9b8dc"""
205,"""6788b365"""
206,"""7b08912e"""
207,"""4b64495c"""
208,"""13963698"""
209,"""d6536416"""
210,"""97595740"""
211,"""e188ad4b"""
212,"""a6f1e7db"""
213,"""948eb7aa"""
214,"""ac07b8d4"""
215,"""930ed745"""
216,"""fa5bd5e4"""
217,"""090120b3"""
218,"""0bcdafea"""
219,"""050c68cb"""
220,"""d3f6c0c0"""
221,"""0f342e18"""
222,"""d42bd3d9"""
223,"""b808cabf"""
224,"""084ce01c"""
225,"""599801d5"""
226,"""b936a7c9"""
227,"""6e10bb33"""
228,"""6869c24d"""
229,"""1485ad5b"""
230,"""4958497e"""
231,"""eb0cae4a"""
232,"""12b7f18d"""
233,"""656648b3"""
234,"""af189c2b"""
235,"""306bdd4d"""
236,"""fb6928fa"""
237,"""7052eda8"""
238,"""2185cfd9"""
239,"""2d16498a"""
240,"""d0b7ac39"""
241,"""a6bd5bb5"""
242,"""4cb0a66d"""
243,"""26a6bdb8"""
244,"""0d6d3c0c"""
245,"""e09df4c8"""
246,"""df6a8f41"""
247,"""e8816dcd"""
248,"""3197b333"""
249,"""6e0d98c7"""
250,"""8668fa66"""
251,"""44eedf71"""
252,"""ee84b14f"""
253,"""eb6e2809"""
254,"""cc4b04e6"""
255,"""700bd582"""
256,"""766d1023"""
257,"""e39cf172"""
258,"""7ecd03d4"""
259,"""1ff1b16e"""
260,"""5eada582"""
261,"""9048cc7d"""
262,"""ade53a4b"""
263,"""b021e589"""
264,"""d0a55a7f"""
265,"""d68d8357"""
266,"""6c977a1a"""
267,"""e254244b"""
268,"""91d82065"""
269,"""0574058d"""
270,"""6c9f32ec"""
271,"""7b249df0"""
272,"""ff087258"""
273,"""ef0f6d8b"""
274,"""9c224176"""
275,"""5d41da25"""
276,"""fa320a2d"""
277,"""8930f91d"""
278,"""e440a4fb"""
279,"""adedf111"""
280,"""f3457894"""
281,"""3b37c63f"""
282,"""e8e13b0c"""
283,"""4c0b216b"""
284,"""87752c60"""
285,"""e3d04240"""
286,"""37b282b4"""
287,"""b11675e0"""
288,"""503c2324"""
289,"""72119a7e"""
290,"""ad17579c"""
291,"""c9849bb7"""
292,"""cfa28deb"""
293,"""47a0db52"""
294,"""480f8f73"""
295,"""a60ce6ed"""
296,"""9eb5c852"""
297,"""e7cd576f"""
298,"""213b8d93"""
299,"""4580001b"""
300,"""7972ee5f"""
301,"""321b0ec0"""
302,"""75775e67"""
303,"""d911ca7d"""
304,"""c6202384"""
305,"""4fafdade"""
306,"""7388adbf"""
307,"""0b9b45d1"""
308,"""f2959238"""
309,"""53e66397"""
310,"""59917f67"""
311,"""21dc9e92"""
312,"""e497281c"""
313,"""acec7c46"""
314,"""d8c9f391"""
315,"""8b2d9408"""
316,"""94065374"""
317,"""a3f3aceb"""
318,"""8af38477"""
319,"""172d3b9d"""
320,"""a6efb665"""
321,"""cd431b69"""
322,"""698e4279"""
323,"""445d392a"""
324,"""0f08b439"""
325,"""61b2fd6f"""
326,"""a62b6aaa"""
327,"""58775d59"""
328,"""972d8e5e"""
329,"""3b8a7039"""
330,"""e5efddf2"""
331,"""e36d3b51"""
332,"""deba8c37"""
333,"""26f87a73"""
334,"""2d03a8fa"""
335,"""d206dd10"""
336,"""dddd2440"""
337,"""6b6a9819"""
338,"""314a88c9"""
339,"""f80e05af"""
340,"""eac2be65"""
341,"""2b809f1e"""
342,"""4fe2ddff"""
343,"""3bb21668"""
344,"""16575d87"""
345,"""9116c14a"""
346,"""5b4f307f"""
347,"""bc1fe0b1"""
348,"""f102145d"""
349,"""3567f44b"""
350,"""aa4355cd"""
351,"""04235a55"""
352,"""1f3d002d"""
353,"""0ddae019"""
354,"""0b76616a"""
355,"""6c5034aa"""
356,"""a41b3d4e"""
357,"""59c944e8"""
358,"""207f2bea"""
359,"""e1e8e339"""
360,"""017b9742"""
361,"""26bd7c3e"""
362,"""2d85e238"""
363,"""b4810bfc"""
364,"""62612b75"""
365,"""74ab8bfd"""
366,"""149f13ed"""
367,"""162339a5"""
368,"""f071a891"""
369,"""5a98c4ff"""
370,"""eefcaa82"""
371,"""fbf86f40"""
372,"""d5a06f17"""
373,"""c0a4796a"""
374,"""cabb8f05"""
375,"""1c467eb0"""
376,"""aef19383"""
377,"""9857e767"""
378,"""de5c559b"""
379,"""f6d604cf"""
380,"""8a5fdfaf"""
381,"""7c06bff8"""
382,"""cf6fd910"""
383,"""c64b4be4"""
384,"""e23684bd"""
385,"""66f35b2b"""
386,"""0b93347b"""
387,"""567a65fa"""
388,"""adfe7611"""
389,"""b5d745a0"""
390,"""e3a6bf59"""
391,"""816ad4a0"""
392,"""16a60e89"""
393,"""a5e2d0f8"""
394,"""8628687c"""
395,"""e5f8983a"""
396,"""7bc597e5"""
397,"""5aca2793"""
398,"""47bbf149"""
399,"""b9417ec0"""
400,"""73acb43e"""
401,"""7ed79123"""
402,"""2783630d"""
403,"""8a3c8cbb"""
404,"""1b4f56f8"""
405,"""243a8f39"""
406,"""c6a37ddb"""
407,"""82483dab"""
408,"""757a5b24"""
409,"""7715fc79"""
410,"""e7c3073f"""
411,"""762ac831"""
412,"""328e72fc"""
413,"""5eb3d8ac"""
414,"""89e0a42d"""
415,"""ebaf45d6"""
416,"""c9ae9703"""
417,"""d112f07b"""
418,"""b7b28e9f"""
419,"""dcdca914"""
420,"""20ede41d"""
421,"""3097989a"""
422,"""f55e4401"""
423,"""d85076b9"""
424,"""33e94d24"""
425,"""b002b6d8"""
426,"""b68a2312"""
427,"""f324e04e"""
428,"""5925e4c5"""
429,"""9c96158e"""
430,"""9b06658a"""
431,"""bba38943"""
432,"""970c57a2"""
433,"""75caeb74"""
434,"""8995a68c"""
435,"""2e991acd"""
436,"""15eabc72"""
437,"""039c47cc"""
438,"""4ad87d85"""
439,"""967c762c"""
440,"""97825355"""
441,"""708db162"""
442,"""17bb12c4"""
443,"""d11c4669"""
444,"""6e10daff"""
445,"""b2bf7fd2"""
446,"""c189eadc"""
447,"""008896cc"""
448,"""20984dcf"""
449,"""21ae98d6"""
450,"""c479502f"""
451,"""232d4d03"""
452,"""0f08df19"""
453,"""a3c0fb12"""
454,"""9b105180"""
455,"""8e26d6ae"""
456,"""6c53275a"""
457,"""8af408d8"""
458,"""12fbf57e"""
459,"""bc3b2b7a"""
460,"""efc4748b"""
461,"""68224440"""
462,"""16c252f6"""
463,"""8ddbec43"""
464,"""4ba8eda9"""
465,"""2f90747c"""
466,"""53ffd4cc"""
467,"""1d5c15fd"""
468,"""21936539"""
469,"""3545cc97"""
470,"""afb274e8"""
471,"""868b4dd7"""
472,"""ea4a8084"""
473,"""009ed780"""
474,"""e620a66f"""
475,"""ae22bb75"""
476,"""42151f87"""
477,"""246fbd9f"""
478,"""972f2cbe"""
479,"""88c311e9"""
480,"""755fd24e"""
481,"""4500899b"""
482,"""c89fab9b"""
483,"""2747c255"""
484,"""09f3c957"""
485,"""e252fe4c"""
486,"""feea9011"""
487,"""f1758cfc"""
488,"""f7d6318b"""
489,"""567fea51"""
490,"""9853e01d"""
491,"""73f19bbe"""
492,"""1c8d7da1"""
493,"""5e64eb5c"""
494,"""f1b10bf3"""
495,"""82455bf8"""
496,"""5f41b9b4"""
497,"""27db6a58"""
498,"""9279def9"""
499,"""c64cb229"""
500,"""4674241a"""
501,"""bbacc373"""
502,"""1dd9cda6"""
503,"""2f2eb37f"""
504,"""ea1abb56"""
505,"""b2fd9b2c"""
506,"""6e66566a"""
507,"""3a5e2e58"""
508,"""57f52826"""
509,"""f4a49df0"""
510,"""797053d3"""
511,"""43ad5cfd"""
512,"""7a84764e"""
513,"""b6b484bb"""
514,"""3a03b869"""
515,"""3c0c6e6a"""
516,"""9599acf5"""
517,"""1eb5d60b"""
518,"""5330415f"""
519,"""8a66cb2a"""
520,"""a72bb5bd"""
521,"""63363117"""
522,"""eab2db3d"""
523,"""f938156f"""
524,"""7472b568"""
525,"""2b965b5b"""
526,"""ee3bd177"""
527,"""fbfcb0f7"""
528,"""58838143"""
529,"""a532bbb7"""
530,"""94b49385"""
531,"""588c8826"""
532,"""42e62000"""
533,"""4372d866"""
534,"""8e2d64ae"""
535,"""562cdfc8"""
536,"""524f5fad"""
537,"""c3e4f523"""
538,"""ceabd755"""
539,"""e6599946"""
540,"""b14a099e"""
541,"""de14582a"""
542,"""5a62a8b3"""
543,"""60c23083"""
544,"""83ff8361"""
545,"""7c0a4883"""
546,"""5ed6a72f"""
547,"""8aff76d9"""
548,"""a3c415be"""
549,"""b86ff7b5"""
550,"""424c76f1"""
551,"""8e56d39e"""
552,"""d30c5298"""
553,"""5b415d6f"""
554,"""2eddcc8d"""
555,"""5cf94e6e"""
556,"""a10467d9"""
557,"""e38eddb3"""
558,"""916fa1f1"""
559,"""5f944f30"""
560,"""159e282e"""
561,"""9fb3ebee"""
562,"""80efaab0"""
563,"""fa5dda04"""
564,"""eb487268"""
565,"""ba340965"""
566,"""a3d1c562"""
567,"""75efd0a9"""
568,"""e91d8afb"""
569,"""4724c899"""
570,"""be2fc9c2"""
571,"""b5cd30e3"""
572,"""2c92d16a"""
573,"""2d63fffd"""
574,"""96c39962"""
575,"""1f310781"""
576,"""1a2ef40a"""
577,"""6919e823"""
578,"""4085a175"""
579,"""0e2e1e57"""
580,"""a8eb53eb"""
581,"""58eb6e48"""
582,"""bdb56413"""
583,"""bb40a223"""
584,"""24190e78"""
585,"""27ee4636"""
586,"""fd0c5109"""
587,"""0be8a167"""
588,"""6a3e329f"""
589,"""651e71ce"""
590,"""ffe1b57d"""
591,"""41d97f80"""
592,"""de5a591b"""
593,"""1ca23a9d"""
594,"""139c2d3e"""
595,"""44fafed0"""
596,"""07c194dd"""
597,"""5bc94dec"""
598,"""1ac43517"""
599,"""8c2a087f"""
600,"""401e6d99"""
601,"""3e58f313"""
602,"""f587bc57"""
603,"""d468cc38"""
604,"""d4a49c99"""
605,"""9141781d"""
606,"""79b96789"""
607,"""ac09492b"""
608,"""67097a5a"""
609,"""918ab4c1"""
610,"""c2621eb8"""
611,"""757662ec"""
612,"""ed663550"""
613,"""82956caa"""
614,"""38916dd6"""
615,"""386dc88d"""
616,"""1b0387fb"""
617,"""4a619f51"""
618,"""23ca2673"""
619,"""6b6694ca"""
620,"""f1443b9a"""
621,"""57504c1e"""
622,"""fb89ed77"""
623,"""24714d6f"""
624,"""3786eb8a"""
625,"""0da5fec4"""
626,"""17c42a67"""
627,"""689b13a4"""
628,"""fc179e4f"""
629,"""d7c85581"""
630,"""489853d0"""
631,"""48bfb353"""
632,"""53a7208e"""
633,"""509b62e2"""
634,"""001bcd0a"""
635,"""bf0f9f36"""
636,"""c1155129"""
637,"""70684e35"""
638,"""9da5abd6"""
639,"""0ab8d5e2"""
640,"""619de9e1"""
641,"""f8ce5289"""
642,"""2758c8b4"""
643,"""c3bc8b87"""
644,"""abcca1e4"""
645,"""d8d98cad"""
646,"""5f1dfcfe"""
647,"""357bbc62"""
648,"""4f22313c"""
649,"""001a7768"""
650,"""ffc189b3"""
